BAG-FWD,cgtggtgcggatctagctacccgc,,,"[pNR160, +, 3248, 3271], [TP901B-AG, +, 1, 24]",,,,,,for 25uL,for 10uL,for 9 rxn,mastermix for 5 ,
PGT-FWD,cgttcgcgcgacatgacatgccg,,,"[pNR160, +, 3525, 3547], [BxBIP-GT, +, 1, 23]",,,,,buffer,5,2,18,90,
PROD-FWD,aaagttaaacaaaattatttgtagagggaaaccgttgtggtctc,,,"[proD, +, 1, 44]",,,,,10mM dNTP,0.5,0.2,1.8,9,
BGT-FWD,gggctcactagggaatggcgtcgtc,,,"[pNR160, +, 3342, 3366], [BxBIB-GT, +, 1, 25]",,,,,FWD,1.25,0.5,4.5,,
BTC-REV,cagccgtggactcaagtgcgggtag,,,"[TP901B-TC, -, 112, 136], [pNR160, -, 3264, 3288]",,,,,REV,1.25,0.5,4.5,,
bfp-fwd,agcggtcaacgcatgtgctttgcg,,,"[BFP, +, 1, 24]",,,,,DNA,1,0.4,3.6,,
PTC-REV,ttacaccctaggagtgaggcaactgtgtcg,,,"[pNR160, -, 3729, 3758], [TP901P-TC, -, 105, 134]",,,,,Q5,0.25,0.1,0.9,4.5,
GFP-FWD,agctgtcaccggatgtgctttccgg,,,"[GFP, +, 1, 25]",,,,,,9.25,3.7,33.3,166.5,387
PROD-REV,cacagctaacaccacgtcgtccctatctgc,,,"[proD, -, 115, 144]",,,,,,,,0,0,77.4
PAG-FWD,cagcggctgtctatgccagaagtcgg,,,"[pNR160, +, 3432, 3457], [TP901P-AG, +, 1, 26]",,,,,H2O,15.75,6.3,56.7,283.5,
GFP-REV,cctttggtcgaaaaaaaaagcccgcactgtc,,,"[GFP, -, 852, 882]",,,,,,,,,,
BTC-FWD,cgctagatcaatgtgcacgtcgagtgcg,,,"[pNR160, +, 3153, 3180], [TP901B-TC, +, 1, 28]",,,,,,25,10,90,450,
PTC-FWD,gcaatagcgccaaccatgcaccatagc,,,"[pNR160, +, 3625, 3651], [TP901P-TC, +, 1, 27]",,,,,,,,,,
bbn-rev,gttatactggctgaatgggcacttacttagacgt,,,"[pNR160, -, 2871, 2904], [LCR_assmbly1_rohin, -, 6724, 6757]",,,,,,,,,,
PGT-REV,ggctactgtcaggctggctatggtgc,,,"[pNR160, -, 3642, 3667], [BxBIP-GT, -, 118, 143]",,,,,,,,,,
BGT-REV,ctaggactccgacctgaccgacttctgg,,,"[BxBIB-GT, -, 106, 133], [pNR160, -, 3447, 3474]",,,,,,,,,,
bfp-rev,cataaaaaaacccgcttgcgcgggcttt,,,"[BFP, -, 805, 832]",,,,,,,,,,
BAG-REV,cgcacagaatgtcacggacgacgc,,,"[pNR160, -, 3359, 3382], [TP901B-AG, -, 112, 135]",,,,,,,,,,
bbn-fwd,gctagccggtcacatgtcaatacttgccct,,,"[pNR160, +, 4026, 4055], [LCR_assmbly1_rohin, +, 1, 30]",,,,,,,,,,
PAG-REV,ctgagcagggagattgtgtcggcatgtc,,,"[pNR160, -, 3539, 3566], [TP901P-AG, -, 108, 135]",,,,,,,,,,
,,,,,,,,,,,,,,
,,,,,,,,,,,,,,
PCR AMplification protocols,,,,,,,,,,,,,,
Part Name,Primer FWD,Primer REV,Part Location,Part Size,Polymerase ,Ext. Temp.,Conc. ng/uL,ng reqd,uL reqd,fmol,,,,
Backbone,,,pNR160,6757,Q5-GC,66,126.4,385.149,3.05,90,,,,
BFP,,,pNR291,832,Q5,,19.6,47.424,2.42,90,,,,
GFP,,,G-Block,882,Q5,54,65.4,50.274,0.77,90,,,,
Pro D,,,pNR291,144,Q5,54,74.1,8.208,0.11,90,,,,
P-GT,,,pNR160,143,Q5,54,47.3,8.151,0.17,90,,,,
B-GT,,,pNR160,133,Q5,54,48.5,7.581,0.16,90,,,,
P-TC,,,pNR160,134,Q5,54,55.9,7.638,0.14,90,,,,
B-TC,,,pNR160,136,Q5,54,57.7,7.752,0.13,90,,,,
P-AG,,,pNR160,135,Q5,54,83.1,7.695,0.09,90,,,,
B-AG,,,pNR160,135,Q5,54,64.4,7.695,0.12,90,,,,
,,,,,,,,,,,,,,
,,,,,,,,Total Part Vol.,7.16,,,,,
,,,,,,,,,,,,,,
,,,,,,,ThermoCycler,,,,,,,
,,1st Run,,,,units,Step,Temp,Time (in s),Cycles,,,,
,,,Parts:,7.2,,uL,1,37,3600,1,,,,
,,,ATP@5mM,0,58.335,mg,2,65,1200,1,,,,
,,,T4 kinase 10U,1,,uL,,,,,,,,
,,,1x Ampligase B,11.8,,uL,,,,,,,,
,,,Total:,20,,uL,,,,,,,,
,,2nd Run,,,,,,,,,,,,
,,,Ligase,1.2,,uL,1,94,120,1,,,,
,,,bridging oligos,0.75,,uL,2,94,10,50,,,,
,,,DMSO,2,,uL,3,55,30,50,,,,
,,,Betaine,0,1.317375,g,4,66,60,50,,,,
,,,1x Ampligase B,1.05,,,5,4,,,,,,
,,Total Vol,,25,,,Total Time (in min),,165.33,,,,,